millis,stamp,datetime,motion
999, 1533156966, 2018/8/1 20:56:6, Inactive
1999, 1533156967, 2018/8/1 20:56:7, Inactive
2999, 1533156968, 2018/8/1 20:56:8, Inactive
3999, 1533156969, 2018/8/1 20:56:9, Inactive
5000, 1533156970, 2018/8/1 20:56:10, Inactive
5999, 1533156971, 2018/8/1 20:56:11, Inactive
7000, 1533156972, 2018/8/1 20:56:12, Inactive
7999, 1533156973, 2018/8/1 20:56:13, Inactive
8999, 1533156974, 2018/8/1 20:56:14, Inactive
9999, 1533156975, 2018/8/1 20:56:15, Inactive
10999, 1533156976, 2018/8/1 20:56:16, Inactive
11999, 1533156977, 2018/8/1 20:56:17, Inactive
12999, 1533156978, 2018/8/1 20:56:18, Inactive
14000, 1533156979, 2018/8/1 20:56:19, Inactive
14999, 1533156980, 2018/8/1 20:56:20, Inactive
15998, 1533156981, 2018/8/1 20:56:21, Inactive
16999, 1533156982, 2018/8/1 20:56:22, Inactive
17999, 1533156983, 2018/8/1 20:56:23, Inactive
18999, 1533156984, 2018/8/1 20:56:24, Inactive
19998, 1533156985, 2018/8/1 20:56:25, Inactive
20999, 1533156986, 2018/8/1 20:56:26, Inactive
21999, 1533156987, 2018/8/1 20:56:27, Inactive
22999, 1533156988, 2018/8/1 20:56:28, Inactive
23998, 1533156989, 2018/8/1 20:56:29, Inactive
24999, 1533156990, 2018/8/1 20:56:30, Inactive
25999, 1533156991, 2018/8/1 20:56:31, Inactive
26999, 1533156992, 2018/8/1 20:56:32, Inactive
27999, 1533156993, 2018/8/1 20:56:33, Inactive
28999, 1533156994, 2018/8/1 20:56:34, Inactive
29999, 1533156995, 2018/8/1 20:56:35, Inactive
30999, 1533156996, 2018/8/1 20:56:36, Inactive
31998, 1533156997, 2018/8/1 20:56:37, Inactive
32999, 1533156998, 2018/8/1 20:56:38, Inactive
33999, 1533156999, 2018/8/1 20:56:39, Inactive
34999, 1533157000, 2018/8/1 20:56:40, Inactive
35999, 1533157001, 2018/8/1 20:56:41, Inactive
36999, 1533157002, 2018/8/1 20:56:42, Inactive
37999, 1533157003, 2018/8/1 20:56:43, Inactive
39000, 1533157004, 2018/8/1 20:56:44, Inactive
39999, 1533157005, 2018/8/1 20:56:45, Inactive
40999, 1533157006, 2018/8/1 20:56:46, Inactive
41999, 1533157007, 2018/8/1 20:56:47, Inactive
42999, 1533157008, 2018/8/1 20:56:48, Inactive
43999, 1533157009, 2018/8/1 20:56:49, Inactive
44999, 1533157010, 2018/8/1 20:56:50, Inactive
46000, 1533157011, 2018/8/1 20:56:51, Inactive
46999, 1533157012, 2018/8/1 20:56:52, Active
48000, 1533157013, 2018/8/1 20:56:53, Active
48999, 1533157014, 2018/8/1 20:56:54, Active
49999, 1533157015, 2018/8/1 20:56:55, Active
50999, 1533157016, 2018/8/1 20:56:56, Active
51999, 1533157017, 2018/8/1 20:56:57, Active
52999, 1533157018, 2018/8/1 20:56:58, Active
53999, 1533157019, 2018/8/1 20:56:59, Active
54999, 1533157020, 2018/8/1 20:57:0, Active
55998, 1533157021, 2018/8/1 20:57:1, Active
56999, 1533157022, 2018/8/1 20:57:2, Active
57999, 1533157023, 2018/8/1 20:57:3, Active
58999, 1533157024, 2018/8/1 20:57:4, Active
60000, 1533157025, 2018/8/1 20:57:5, Active
60999, 1533157026, 2018/8/1 20:57:6, Active
61999, 1533157027, 2018/8/1 20:57:7, Active
62999, 1533157028, 2018/8/1 20:57:8, Active
64000, 1533157029, 2018/8/1 20:57:9, Active
64999, 1533157030, 2018/8/1 20:57:10, Active
65999, 1533157031, 2018/8/1 20:57:11, Active
66999, 1533157032, 2018/8/1 20:57:12, Active
67999, 1533157033, 2018/8/1 20:57:13, Active
68999, 1533157034, 2018/8/1 20:57:14, Active
69999, 1533157035, 2018/8/1 20:57:15, Active
71000, 1533157036, 2018/8/1 20:57:16, Active
71999, 1533157037, 2018/8/1 20:57:17, Active
72999, 1533157038, 2018/8/1 20:57:18, Active
73999, 1533157039, 2018/8/1 20:57:19, Active
74999, 1533157040, 2018/8/1 20:57:20, Active
75999, 1533157041, 2018/8/1 20:57:21, Active
76999, 1533157042, 2018/8/1 20:57:22, Active
78000, 1533157043, 2018/8/1 20:57:23, Active
78999, 1533157044, 2018/8/1 20:57:24, Active
80000, 1533157045, 2018/8/1 20:57:25, Inactive
80999, 1533157046, 2018/8/1 20:57:26, Inactive
81999, 1533157047, 2018/8/1 20:57:27, Inactive
82998, 1533157048, 2018/8/1 20:57:28, Inactive
83999, 1533157049, 2018/8/1 20:57:29, Active
84999, 1533157050, 2018/8/1 20:57:30, Active
85999, 1533157051, 2018/8/1 20:57:31, Active
87000, 1533157052, 2018/8/1 20:57:32, Active
87999, 1533157053, 2018/8/1 20:57:33, Active
88999, 1533157054, 2018/8/1 20:57:34, Active
89999, 1533157055, 2018/8/1 20:57:35, Active
90999, 1533157056, 2018/8/1 20:57:36, Active
92000, 1533157057, 2018/8/1 20:57:37, Active
92999, 1533157058, 2018/8/1 20:57:38, Active
93999, 1533157059, 2018/8/1 20:57:39, Active
94999, 1533157060, 2018/8/1 20:57:40, Active
95998, 1533157061, 2018/8/1 20:57:41, Active
96999, 1533157062, 2018/8/1 20:57:42, Inactive
97999, 1533157063, 2018/8/1 20:57:43, Inactive
98999, 1533157064, 2018/8/1 20:57:44, Inactive
99999, 1533157065, 2018/8/1 20:57:45, Inactive
100999, 1533157066, 2018/8/1 20:57:46, Inactive
101999, 1533157067, 2018/8/1 20:57:47, Inactive
102999, 1533157068, 2018/8/1 20:57:48, Inactive
103999, 1533157069, 2018/8/1 20:57:49, Inactive
104999, 1533157070, 2018/8/1 20:57:50, Inactive
105999, 1533157071, 2018/8/1 20:57:51, Inactive
106999, 1533157072, 2018/8/1 20:57:52, Inactive
107999, 1533157073, 2018/8/1 20:57:53, Inactive
108998, 1533157074, 2018/8/1 20:57:54, Inactive
109999, 1533157075, 2018/8/1 20:57:55, Inactive
110999, 1533157076, 2018/8/1 20:57:56, Inactive
112000, 1533157077, 2018/8/1 20:57:57, Inactive
112999, 1533157078, 2018/8/1 20:57:58, Inactive
113999, 1533157079, 2018/8/1 20:57:59, Inactive
114999, 1533157080, 2018/8/1 20:58:0, Inactive
115999, 1533157081, 2018/8/1 20:58:1, Active
116999, 1533157082, 2018/8/1 20:58:2, Active
117999, 1533157083, 2018/8/1 20:58:3, Active
119000, 1533157084, 2018/8/1 20:58:4, Active
119999, 1533157085, 2018/8/1 20:58:5, Active
120999, 1533157086, 2018/8/1 20:58:6, Active
121999, 1533157087, 2018/8/1 20:58:7, Active
122999, 1533157088, 2018/8/1 20:58:8, Active
123999, 1533157089, 2018/8/1 20:58:9, Active
125000, 1533157090, 2018/8/1 20:58:10, Active
125999, 1533157091, 2018/8/1 20:58:11, Inactive
126999, 1533157092, 2018/8/1 20:58:12, Inactive
127998, 1533157093, 2018/8/1 20:58:13, Inactive
128999, 1533157094, 2018/8/1 20:58:14, Inactive
129999, 1533157095, 2018/8/1 20:58:15, Inactive
130999, 1533157096, 2018/8/1 20:58:16, Inactive
131999, 1533157097, 2018/8/1 20:58:17, Inactive
132999, 1533157098, 2018/8/1 20:58:18, Inactive
133999, 1533157099, 2018/8/1 20:58:19, Inactive
135000, 1533157100, 2018/8/1 20:58:20, Inactive
135999, 1533157101, 2018/8/1 20:58:21, Inactive
136998, 1533157102, 2018/8/1 20:58:22, Inactive
137999, 1533157103, 2018/8/1 20:58:23, Inactive
138999, 1533157104, 2018/8/1 20:58:24, Inactive
139999, 1533157105, 2018/8/1 20:58:25, Inactive
140999, 1533157106, 2018/8/1 20:58:26, Inactive
141999, 1533157107, 2018/8/1 20:58:27, Inactive
142999, 1533157108, 2018/8/1 20:58:28, Inactive
144000, 1533157109, 2018/8/1 20:58:29, Inactive
144999, 1533157110, 2018/8/1 20:58:30, Inactive
145998, 1533157111, 2018/8/1 20:58:31, Inactive
146999, 1533157112, 2018/8/1 20:58:32, Inactive
147999, 1533157113, 2018/8/1 20:58:33, Inactive
148999, 1533157114, 2018/8/1 20:58:34, Inactive
149999, 1533157115, 2018/8/1 20:58:35, Inactive
151000, 1533157116, 2018/8/1 20:58:36, Inactive
151999, 1533157117, 2018/8/1 20:58:37, Inactive
152999, 1533157118, 2018/8/1 20:58:38, Inactive
153998, 1533157119, 2018/8/1 20:58:39, Inactive
154999, 1533157120, 2018/8/1 20:58:40, Inactive
155999, 1533157121, 2018/8/1 20:58:41, Inactive
156999, 1533157122, 2018/8/1 20:58:42, Inactive
158000, 1533157123, 2018/8/1 20:58:43, Inactive
158999, 1533157124, 2018/8/1 20:58:44, Inactive
160000, 1533157125, 2018/8/1 20:58:45, Inactive
160999, 1533157126, 2018/8/1 20:58:46, Inactive
161999, 1533157127, 2018/8/1 20:58:47, Inactive
162999, 1533157128, 2018/8/1 20:58:48, Inactive
163999, 1533157129, 2018/8/1 20:58:49, Inactive
164999, 1533157130, 2018/8/1 20:58:50, Inactive
165999, 1533157131, 2018/8/1 20:58:51, Inactive
166999, 1533157132, 2018/8/1 20:58:52, Inactive
167999, 1533157133, 2018/8/1 20:58:53, Inactive
168999, 1533157134, 2018/8/1 20:58:54, Inactive
169999, 1533157135, 2018/8/1 20:58:55, Inactive
170998, 1533157136, 2018/8/1 20:58:56, Inactive
171999, 1533157137, 2018/8/1 20:58:57, Inactive
172999, 1533157138, 2018/8/1 20:58:58, Inactive
174000, 1533157139, 2018/8/1 20:58:59, Inactive
174999, 1533157140, 2018/8/1 20:59:0, Inactive
176000, 1533157141, 2018/8/1 20:59:1, Inactive
176999, 1533157142, 2018/8/1 20:59:2, Inactive
177999, 1533157143, 2018/8/1 20:59:3, Inactive
178999, 1533157144, 2018/8/1 20:59:4, Inactive
179999, 1533157145, 2018/8/1 20:59:5, Inactive
181000, 1533157146, 2018/8/1 20:59:6, Inactive
181998, 1533157147, 2018/8/1 20:59:7, Inactive
183000, 1533157148, 2018/8/1 20:59:8, Inactive
183999, 1533157149, 2018/8/1 20:59:9, Inactive
184999, 1533157150, 2018/8/1 20:59:10, Inactive
185999, 1533157151, 2018/8/1 20:59:11, Inactive
186999, 1533157152, 2018/8/1 20:59:12, Inactive
187999, 1533157153, 2018/8/1 20:59:13, Inactive
188999, 1533157154, 2018/8/1 20:59:14, Inactive
190000, 1533157155, 2018/8/1 20:59:15, Inactive
190999, 1533157156, 2018/8/1 20:59:16, Active
192000, 1533157157, 2018/8/1 20:59:17, Active
192999, 1533157158, 2018/8/1 20:59:18, Active
193999, 1533157159, 2018/8/1 20:59:19, Active
194999, 1533157160, 2018/8/1 20:59:20, Active
195999, 1533157161, 2018/8/1 20:59:21, Active
196999, 1533157162, 2018/8/1 20:59:22, Active
197999, 1533157163, 2018/8/1 20:59:23, Active
199000, 1533157164, 2018/8/1 20:59:24, Active
199999, 1533157165, 2018/8/1 20:59:25, Inactive
200999, 1533157166, 2018/8/1 20:59:26, Inactive
201999, 1533157167, 2018/8/1 20:59:27, Inactive
202999, 1533157168, 2018/8/1 20:59:28, Inactive
203999, 1533157169, 2018/8/1 20:59:29, Inactive
204999, 1533157170, 2018/8/1 20:59:30, Inactive
206000, 1533157171, 2018/8/1 20:59:31, Inactive
206999, 1533157172, 2018/8/1 20:59:32, Inactive
208000, 1533157173, 2018/8/1 20:59:33, Inactive
208999, 1533157174, 2018/8/1 20:59:34, Inactive
209999, 1533157175, 2018/8/1 20:59:35, Inactive
210999, 1533157176, 2018/8/1 20:59:36, Inactive
211999, 1533157177, 2018/8/1 20:59:37, Inactive
212999, 1533157178, 2018/8/1 20:59:38, Inactive
213999, 1533157179, 2018/8/1 20:59:39, Inactive
214999, 1533157180, 2018/8/1 20:59:40, Inactive
215999, 1533157181, 2018/8/1 20:59:41, Inactive
216999, 1533157182, 2018/8/1 20:59:42, Inactive
217999, 1533157183, 2018/8/1 20:59:43, Inactive
218999, 1533157184, 2018/8/1 20:59:44, Inactive
219998, 1533157185, 2018/8/1 20:59:45, Active
220999, 1533157186, 2018/8/1 20:59:46, Active
